{
  "dir0.1_fedavg": {
    "exp_name": "dir0.1_fedavg",
    "site_results": {
      "site-1": {
        "accuracy": 0.5416666666666666,
        "loss": 2.649768114089966,
        "macro_f1": 0.49387348969438527,
        "macro_precision": 0.44102564102564107,
        "macro_recall": 0.5611111111111111,
        "per_class_accuracy": {
          "0": 0.75,
          "1": 0.0,
          "2": 0.9333333333333333
        },
        "confusion_matrix": [
          [
            12,
            0,
            4
          ],
          [
            0,
            0,
            17
          ],
          [
            1,
            0,
            14
          ]
        ],
        "n_samples": 48
      },
      "site-2": {
        "accuracy": 0.3333333333333333,
        "loss": 2.0184226036071777,
        "macro_f1": 0.16666666666666666,
        "macro_precision": 0.1111111111111111,
        "macro_recall": 0.3333333333333333,
        "per_class_accuracy": {
          "0": 1.0,
          "1": 0.0,
          "2": 0.0
        },
        "confusion_matrix": [
          [
            16,
            0,
            0
          ],
          [
            17,
            0,
            0
          ],
          [
            15,
            0,
            0
          ]
        ],
        "n_samples": 48
      },
      "site-3": {
        "accuracy": 0.3541666666666667,
        "loss": 2.0319430828094482,
        "macro_f1": 0.17435897435897435,
        "macro_precision": 0.11805555555555557,
        "macro_recall": 0.3333333333333333,
        "per_class_accuracy": {
          "0": 0.0,
          "1": 1.0,
          "2": 0.0
        },
        "confusion_matrix": [
          [
            0,
            16,
            0
          ],
          [
            0,
            17,
            0
          ],
          [
            0,
            15,
            0
          ]
        ],
        "n_samples": 48
      }
    },
    "aggregated_result": {
      "accuracy": 0.4791666666666667,
      "loss": 1.276487946510315,
      "macro_f1": 0.4782608695652174,
      "macro_precision": 0.4583333333333333,
      "macro_recall": 0.5,
      "per_class_accuracy": {
        "0": 0.5,
        "1": 0.0,
        "2": 1.0
      },
      "confusion_matrix": [
        [
          8,
          0,
          8
        ],
        [
          0,
          0,
          17
        ],
        [
          0,
          0,
          15
        ]
      ],
      "n_samples": 48
    },
    "best_site": {
      "name": "site-1",
      "accuracy": 0.5416666666666666
    }
  },
  "dir0.1_fedprox": {
    "exp_name": "dir0.1_fedprox",
    "site_results": {
      "site-1": {
        "accuracy": 0.6041666666666666,
        "loss": 2.726470708847046,
        "macro_f1": 0.5159891598915989,
        "macro_precision": 0.4407407407407407,
        "macro_recall": 0.6222222222222222,
        "per_class_accuracy": {
          "0": 1.0,
          "1": 0.0,
          "2": 0.8666666666666667
        },
        "confusion_matrix": [
          [
            16,
            0,
            0
          ],
          [
            0,
            0,
            17
          ],
          [
            2,
            0,
            13
          ]
        ],
        "n_samples": 48
      },
      "site-2": {
        "accuracy": 0.3333333333333333,
        "loss": 1.89625084400177,
        "macro_f1": 0.16666666666666666,
        "macro_precision": 0.1111111111111111,
        "macro_recall": 0.3333333333333333,
        "per_class_accuracy": {
          "0": 1.0,
          "1": 0.0,
          "2": 0.0
        },
        "confusion_matrix": [
          [
            16,
            0,
            0
          ],
          [
            17,
            0,
            0
          ],
          [
            15,
            0,
            0
          ]
        ],
        "n_samples": 48
      },
      "site-3": {
        "accuracy": 0.3541666666666667,
        "loss": 1.801308035850525,
        "macro_f1": 0.17435897435897435,
        "macro_precision": 0.11805555555555557,
        "macro_recall": 0.3333333333333333,
        "per_class_accuracy": {
          "0": 0.0,
          "1": 1.0,
          "2": 0.0
        },
        "confusion_matrix": [
          [
            0,
            16,
            0
          ],
          [
            0,
            17,
            0
          ],
          [
            0,
            15,
            0
          ]
        ],
        "n_samples": 48
      }
    },
    "aggregated_result": {
      "accuracy": 0.3333333333333333,
      "loss": 1.7620841264724731,
      "macro_f1": 0.39233203052298526,
      "macro_precision": 0.43971631205673756,
      "macro_recall": 0.3541666666666667,
      "per_class_accuracy": {
        "0": 0.0625,
        "1": 0.0,
        "2": 1.0
      },
      "confusion_matrix": [
        [
          1,
          0,
          15
        ],
        [
          0,
          0,
          17
        ],
        [
          0,
          0,
          15
        ]
      ],
      "n_samples": 48
    },
    "best_site": {
      "name": "site-1",
      "accuracy": 0.6041666666666666
    }
  },
  "dir0.1_scaffold": {
    "exp_name": "dir0.1_scaffold",
    "site_results": {
      "site-1": {
        "accuracy": 0.6041666666666666,
        "loss": 2.4506304264068604,
        "macro_f1": 0.5283483097988875,
        "macro_precision": 0.4583333333333333,
        "macro_recall": 0.6236111111111111,
        "per_class_accuracy": {
          "0": 0.9375,
          "1": 0.0,
          "2": 0.9333333333333333
        },
        "confusion_matrix": [
          [
            15,
            0,
            1
          ],
          [
            0,
            0,
            17
          ],
          [
            1,
            0,
            14
          ]
        ],
        "n_samples": 48
      },
      "site-2": {
        "accuracy": 0.3333333333333333,
        "loss": 2.251027822494507,
        "macro_f1": 0.16666666666666666,
        "macro_precision": 0.1111111111111111,
        "macro_recall": 0.3333333333333333,
        "per_class_accuracy": {
          "0": 1.0,
          "1": 0.0,
          "2": 0.0
        },
        "confusion_matrix": [
          [
            16,
            0,
            0
          ],
          [
            17,
            0,
            0
          ],
          [
            15,
            0,
            0
          ]
        ],
        "n_samples": 48
      },
      "site-3": {
        "accuracy": 0.3541666666666667,
        "loss": 1.5044385194778442,
        "macro_f1": 0.17435897435897435,
        "macro_precision": 0.11805555555555557,
        "macro_recall": 0.3333333333333333,
        "per_class_accuracy": {
          "0": 0.0,
          "1": 1.0,
          "2": 0.0
        },
        "confusion_matrix": [
          [
            0,
            16,
            0
          ],
          [
            0,
            17,
            0
          ],
          [
            0,
            15,
            0
          ]
        ],
        "n_samples": 48
      }
    },
    "aggregated_result": {
      "accuracy": 0.4583333333333333,
      "loss": 1.015340805053711,
      "macro_f1": 0.5446099891042104,
      "macro_precision": 0.6700268817204301,
      "macro_recall": 0.45874183006535946,
      "per_class_accuracy": {
        "0": 0.0625,
        "1": 0.6470588235294118,
        "2": 0.6666666666666666
      },
      "confusion_matrix": [
        [
          1,
          0,
          15
        ],
        [
          0,
          11,
          6
        ],
        [
          0,
          5,
          10
        ]
      ],
      "n_samples": 48
    },
    "best_site": {
      "name": "site-1",
      "accuracy": 0.6041666666666666
    }
  },
  "dir1.0_fedavg": {
    "exp_name": "dir1.0_fedavg",
    "site_results": {
      "site-1": {
        "accuracy": 0.6530612244897959,
        "loss": 0.6615785360336304,
        "macro_f1": 0.6416126092317589,